id,cluster,name,locality,postcode,website,search_evidence
1,nw-london,BAPS Shri Swaminarayan Mandir,Neasden,NW10 8LD,https://londonmandir.baps.org/,
2,nw-london,Shree Sanatan Hindu Mandir,Wembley,HA0 4QL,https://svnuk.com/,Search lists as hosting a 9-day Navratri programme; no dated 2026 page surfaced
3,nw-london,Shree Swaminarayan Mandir Kingsbury,Kingsbury,,,
4,nw-london,Shri Swaminarayan Mandir London (Harrow),Harrow,,https://www.swaminarayan.faith/temples/harrow-temple,Page is on a central sampradaya site rather than the mandir's own
5,nw-london,Shree Kutch Satsang Swaminarayan Temple,Kenton,HA3 9EA,https://sksst.org/,Dated 2026 post found (Rath Yatra 19 Jul 2026) - site is maintained
6,nw-london,Shree Swaminarayan Mandir Loyadham,South Harrow,,,
7,nw-london,Harisumiran Swaminarayan Temple,Harrow,,,
8,nw-london,International Siddhashram Shakti Centre,Harrow,,,Navratri 2025 listed on harrow.gov.uk events - council listing not own site
9,nw-london,London Sree Ayyappan Temple,Harrow,,,
10,nw-london,Shri Sithi Vinayagar Thevasthanam,Harrow,,,
11,nw-london,Shrinathdham National Haveli,Harrow,,,
12,nw-london,Kingsbury Temple,Kingsbury,,,
13,nw-london,Shree Ram Mandir Southall,Southall,,,
14,nw-london,Vishwa Hindu Kendra,Southall,,,
15,nw-london,Shree Jalaram Mandir Greenford,Greenford,,,
16,leicester,Shree Hindu Temple & Community Centre,Leicester,LE5 4BD,https://www.shreehindutemple.net/,Events page lists dated 2026 festivals incl. Navratri 11/10/2026 and Diwali 08/11/2026
17,leicester,BAPS Shri Swaminarayan Mandir Leicester,Leicester,LE4 6RH,,Contact is a uk.baps.org email; likely a page on the BAPS central site
18,leicester,Shree Sanatan Mandir,Weymouth Street,LE4 6FQ,,
19,leicester,Shree Jalaram Prarthana Mandal,Narborough Road,,https://www.jalarambapa.com/,
20,leicester,ISKCON Leicester,Granby Street,,https://www.iskconleicester.org/,
21,leicester,Shivalaya - Leicestershire Brahma Samaj,Belgrave Road,LE4,,
22,leicester,Shree Swaminarayan Mandir (ISSO) Leicester,Leicester,,https://www.swaminarayan.faith/temples/leicester-temple-isso,Page is on a central sampradaya site rather than the mandir's own
23,leicester,Geeta Bhavan,Clarendon Park Road,LE2 3AD,,
24,leicester,Leicester Shri Siva Murugan Temple,Ross Walk,LE4 5HH,,
25,leicester,Shirdi Sai Baba Temple,Melton Street,LE1 3NB,,
26,leicester,Shree Hanuman Temple - Salangpur Dham,Melton Road,LE4 7AN,,
27,leicester,Shree Ram Mandir Leicester,Leicester,,,
28,leicester,Shakti Mandir,Leicester,,,
29,leicester,Shree Krishna Temple,Belgrave,,,
30,leicester,Hindu Cultural & Religious Centre,Cottesmore Road,,,
