region,mandir,town,email,confidence,source
Leicester,Shree Sanatan Mandir,Leicester,shishukunjleicester@gmail.com,medium,https://shishukunjleicester.com/mandir/
Leicester,Shree Jalaram Prarthana Mandal,Leicester,info@jalarambapa.com,high,https://www.jalarambapa.com/
West Midlands,Shri Venkateswara (Balaji) Temple,Tividale,temple@venkateswara.org.uk,high,https://www.venkateswara.org.uk/how-to-find-us
West Midlands,Shree Krishna Temple (Shree Gujarati Hindu Satsang Mandal),Coventry,info@sktcoventry.org.uk,high,https://www.sktcoventry.org.uk/contact-us/
West Midlands,Hindu Temple Society,Coventry,htscoventry@gmail.com,medium,https://hindutemplesociety.co.uk/contact/
North West,Gita Bhavan Hindu Temple,Manchester,gitabhavanhindutempleman@gmail.com,high,https://www.gitabhavan.co.uk/contact
North West,Shree Swaminarayan Mandir (Maninagar Gadi),Bolton,bolton@swaminarayangadi.com,high,https://register-of-charities.charitycommission.gov.uk/en/charity-search/-/charity-details/5001458/contact-information
Yorkshire,The Hindu Charitable Trust (Leeds Hindu Temple),Leeds,leedsmandir@yahoo.co.uk,bounced,https://register-of-charities.charitycommission.gov.uk/en/charity-search/-/charity-details/258281/contact-information
Yorkshire,Shree Lakshmi Narayan Hindu Temple,Bradford,info@bradfordmandir.org,high,https://www.bradfordmandir.org/contact-us/
West Midlands,Shri Krishan Mandir,Wolverhampton,mohanlal109@yahoo.co.uk,medium,https://register-of-charities.charitycommission.gov.uk/en/charity-search/-/charity-details/503030/contact-information
East Midlands,Hindu Temple Cultural and Community Centre,Nottingham,info@hindutemple.org.uk,high,https://www.hindutemple.org.uk/contact
South West,The Hindu Temple Bristol,Bristol,contact.us@hindutemplebristol.co.uk,high,https://hindutemplebristol.co.uk/contact-us/
Wales,Shree Swaminarayan Temple Cardiff,Cardiff,info@swaminarayanwales.org.uk,medium,https://swaminarayan.wales/contact-us
Wales,ISKCON Swansea (Govinda's),Swansea,info@iskconwales.org.uk,medium,https://iskconmandir.com/iskcon-swansea/
Leicester,BAPS Shri Swaminarayan Mandir Leicester,Leicester,info.leicester@uk.baps.org,medium,https://hindu-temples.uk/leicester.html
London,Bhaktivedanta Manor (ISKCON),Watford,info@krishnatemple.com,high,https://www.krishnatemple.com/contact/
London,ISKCON London (Radha Krishna Temple Soho),London W1,info@iskcon.london,high,https://iskcon.london/contact/
Leicester,ISKCON Leicester,Leicester,info@iskconleicester.org,high,https://www.iskconleicester.org/
West Midlands,ISKCON Birmingham,Birmingham,iskconbirmingham@gmail.com,medium,https://iskconbirmingham.org/?p=12
North West,ISKCON Manchester,Manchester,contact@iskconmanchester.com,medium,https://centers.iskcondesiretree.com/2011/06/08/manchester/
North East,ISKCON Newcastle,Newcastle,info@iskconnewcastle.org,medium,https://centres.iskcon.org/centre/iskcon-newcastle/
Northern Ireland,ISKCON Belfast,Belfast,info@iskconbelfast.co.uk,medium,https://centers.iskcondesiretree.com/category/europe/united-kingdom/page/2/
London,London Sri Mahalakshmi Temple,East Ham,info@srimahalakshmitemple.net,high,http://www.srimahalakshmitemple.net
London,London Sri Murugan Temple,Manor Park,secretary@londonsrimurugan.org,bounced,http://www.londonsrimurugan.org/
London,Highgate Hill Murugan Temple,Archway,admin@highgatehillmurugan.org,high,https://highgatehillmurugan.org/contact-us
London,Shree Ghanapathy Temple,Wimbledon,enquiries@ghanapathy.com,medium,https://shreeghanapathy.co.uk/contact/
London,Sivayogam Muthumari Amman Kovil,Tooting,info@sivayogam.co.uk,bounced,https://shaivam.org/temples-of-lord-shiva/hindu-temples-in-england-uk/
London,Shri Kanaga Thurkkai Amman Temple,Ealing,info@ammanealing.org,high,https://www.ammanealing.org/contact-us/
London,Shree Ram Mandir,Southall,contact@shreerammandir.co.uk,high,https://shreerammandir.co.uk/
East of England,Luton Hindu Mandir (Shree Sanatan Seva Samaj),Luton,info@hindumandir-luton.org,high,https://www.hindumandir-luton.org/
East of England,BAPS Shri Swaminarayan Mandir Luton,Luton,info.luton@uk.baps.org,high,https://directory.luton.gov.uk/kb5/luton/directory/service.page?id=hnrtd1KRAuc
East of England,Bharat Hindu Samaj,Peterborough,secretary@bharathindusamaj.co.uk,high,"Auto-reply from the mandir, 7 Oct 2026"
South East,Reading Hindu Temple,Reading,contact@readinghindutemple.co.uk,high,https://www.readinghindutemple.co.uk/contactus
South East,Slough Hindu Mandir,Slough,info@sloughhindumandir.com,high,https://www.sloughhindumandir.com/contact-us
South East,Vedic Society Hindu Temple,Southampton,secretary@vedicsociety.com,high,https://vedicsociety.com/
South East,Oxford Hindu Temple and Community Centre,Oxford,oxfordhindutemple1@gmail.com,high,https://register-of-charities.charitycommission.gov.uk/en/charity-search/-/charity-details/4046013/contact-information
South East,Shree Swaminarayan Temple Gatwick (ISSO),Crawley,info@swaminarayan.info,medium,https://www.swaminarayan.faith/temples/gatwick-temple-isso
South East,Sanatan Mandir Crawley (Apple Tree Centre),Crawley,admin@crawleyhindu.com,high,https://www.crawleyhindu.com/contact-us
Scotland,The Hindu Temple of Scotland,Rutherglen,thehindutempleofscotland@gmail.com,high,https://www.hindutempleofscotland.org/contact-us
Scotland,Edinburgh Hindu Mandir and Cultural Centre,Edinburgh,info@ehmcc.org,high,https://edinburghhindumandir.org.uk/contact/
Scotland,Tayside Hindu Culture and Community Centre,Dundee,taysidehinducentre@gmail.com,high,https://www.dundeehindumandir.co.uk/
North East,Hindu Cultural Society Middlesbrough,Middlesbrough,hindumandirmiddlesbrough@gmail.com,medium,https://www.facebook.com/hindumandirmiddlesbrough/
North West,Shree Radha Krishna Temple (Hindu Cultural Organisation),Liverpool,info@hcoliverpooltemple.com,high,https://hcoliverpooltemple.com/contact/
Leicester,Shree Shakti Mandir,Leicester,info@shreeshaktimandir.org.uk,bounced,https://shreeshaktimandir.org.uk/
Leicester,Shree Hindu Temple and Community Centre,Leicester,info@shreehindutemple.net,high,https://www.shreehindutemple.net/contact-us/
Leicester,Shirdi Sai Baba Temple Leicester,Leicester,leicester@shirdisai.org.uk,medium,https://www.shirdisai.org.uk/
London,Shri Sanatan Hindu Mandir (Shri Vallabh Nidhi UK),Wembley,info@svnuk.org,low,https://www.sisnambalava.org.uk/useful-info/uk-hindu-temples.aspx
London,Hindu Cultural Society Barnet,Barnet,hcslondon@hotmail.co.uk,medium,https://www.hinduculturalsociety.co.uk/
London,Shree Jalaram Mandir Greenford,Greenford,info@jalarammandir.co.uk,high,https://jalarammandir.co.uk/
London,Shree Kutch Satsang Swaminarayan Temple South East London,Plumstead,admin@sksswoolwich.org,high,https://register-of-charities.charitycommission.gov.uk/en/sector-data/top-10-charities/-/charity-details/292934/contact-information
East Midlands,Hindu Temple Geeta Bhawan Derby,Derby,info@derbyhindutemple.com,high,https://www.derbyhindutemple.com/
South West,Gloucester Pillaiyar (Hindu) Temple,Gloucester,sivanganesh@hotmail.com,medium,https://register-of-charities.charitycommission.gov.uk/en/charity-search/-/charity-details/5083083/contact-information
South West,Swindon Hindu Temple and Cultural Centre,Swindon,info@swindonhindutemple.com,medium,https://swindonhindutemple.org.uk/
West Midlands,Stoke-on-Trent Hindu Temple (Hindu Cultural Society),Stoke-on-Trent,stokehindutemple@gmail.com,high,https://stokehindutemple.org.uk/
West Midlands,Shree Krishna Mandir West Bromwich,West Bromwich,info@shreekrishnamandir.org,high,https://www.shreekrishnamandir.org/contact-us
North West,Gujarat Hindu Society and Community Centre,Preston,admin@ghspreston.co.uk,high,https://www.ghspreston.co.uk/contact-us/temple-visit/
Yorkshire,Hindu Samaj Sheffield and District,Sheffield,info.hindusamajsheffield@gmail.com,medium,https://register-of-charities.charitycommission.gov.uk/en/charity-search/-/charity-details/517550/contact-information
East of England,Bedford Hindu Temple and Community Trust,Bedford,bedfordhindutemple@gmail.com,high,https://www.bedfordhindutemple.org/
East Midlands,Wellingborough Hindu Mandir (WDHA),Wellingborough,ramesh.patel@wdha.co.uk,medium,https://wdha.co.uk/contact-us/
South East,Shirdi Saibaba Temple Milton Keynes (DREAMSAI),Milton Keynes,admin@dreamsai.org,medium,https://www.dreamsai.org/
South East,Hindu Devi Mandir Milton Keynes,Milton Keynes,hindudevimandir@gmail.com,medium,https://www.facebook.com/hindudevimandir.org.uk
South East,Medway Hindu Mandir,Gillingham,info@medwayhindumandir.co.uk,high,https://register-of-charities.charitycommission.gov.uk/en/charity-search/-/charity-details/802371/contact-information
South East,Om Mandir (Hindu Cultural Society North West Kent),Gravesend,hcs.nwk@gmail.com,high,https://hindutemplegravesend.com/contact-us/
South East,Sri Padmavathi Srinivasa Kent Hindu Temple,Gravesend,contact@spskht.org,bounced,https://www.facebook.com/spskht/
East of England,Hindu Samaj Northstowe,Cambridge,hindusamajnorthstowe@gmail.com,medium,https://www.hindusamajnorthstowe.org/
East of England,Ipswich Hindu Samaj,Ipswich,ipswichhindusamaj@gmail.com,high,https://register-of-charities.charitycommission.gov.uk/en/charity-search/-/charity-details/5071944/contact-information
Wales,Dharma Mandir Newport,Newport,dharmamandirwales@gmail.com,medium,https://register-of-charities.charitycommission.gov.uk/en/charity-search/-/charity-details/5215892/contact-information
Northern Ireland,Indian Community Centre Belfast,Belfast,iccnibelfast@gmail.com,high,https://www.iccbelfast.org/contactus
Scotland,Aberdeen Hindu Temple Trust,Aberdeen,aberdeenhindu.templetrust@gmail.com,high,https://aberdeenhindutemple.org.uk/contact-us/
Scotland,Hindu Mandir Glasgow,Glasgow,lalnco@yahoo.co.uk,low,https://www.hindumandirglasgow.org/contact/
London,Laxmi Narayan Temple,Hounslow,info@laxminarayantemple.co.uk,high,https://laxminarayantemple.co.uk/contacts/
London,London Sivan Kovil,Lewisham,sivan.kovil@yahoo.co.uk,medium,https://www.londonsivankovil.org.uk/contact
West Midlands,Mandir Baba Balak Nath,Walsall,info@mandirbababalaknath.co.uk,high,https://www.mandirbababalaknath.co.uk/contact-us
West Midlands,Shree Ram Mandir Walsall,Walsall,admin@srmwalsall.co.uk,medium,https://register-of-charities.charitycommission.gov.uk/en/charity-search/-/charity-details/514652/contact-information
Yorkshire,Huddersfield Hindu Temple (Hindu Society of Kirklees and Calderdale),Huddersfield,huddersfieldmandir@googlemail.com,medium,https://communitydirectory.kirklees.gov.uk/communityDirectory/organisationdetails.aspx?orgid=989
Leicester,Shree Hanuman Temple Salangpur Dham,Leicester,info@salangpurdhamleicester.org.uk,high,https://salangpurdhamleicester.org.uk/contact/
Leicester,Geeta Bhavan Leicester,Leicester,geetabhavan@outlook.com,medium,http://www.geetabhavanleicester.co.uk/
Leicester,Shree Ram Mandir (Lohana Mahajan Leicester),Leicester,info@lohanaleicester.org,low,https://lohanaleicester.org/contact/
London,Shree Swaminarayan Temple Stanmore,Stanmore,info@stanmoretemple.com,high,https://stanmoretemple.com/contact
London,Harisumiran Hindu Swaminarayan Temple (YDS UK),Harrow,info@ydsuk.org,medium,https://ydsuk.org/centres/
South East,Sri Raja Rajeswary Amman Temple,Stoneleigh,contact@mail.srirajarajeswary.org.uk,medium,https://srirajarajeswary.org.uk/
Yorkshire,Shree Prajapati Association Bradford,Bradford,secretary@spabradford.org.uk,high,https://spabradford.org.uk/
Yorkshire,BAPS Shri Swaminarayan Mandir Leeds,Leeds,info.leeds@uk.baps.org,high,https://www.baps.org/Global-Network/UK-and-Europe/Leeds.aspx
Wales,Sanatan Dharma Mandal and Hindu Community Centre,Cardiff,vimla@newgarageuk.com,low,https://sanatan-dharma-mandal-hindu-community-centre.com-place.com/
East of England,Chelmsford Sri Srinivasa Perumal Temple,Chelmsford,info@cspt.org.uk,high,https://cspt.org.uk/visit-us
East of England,Chelmsford Hindu Society,Chelmsford,info@chelmsfordhindusociety.org,high,https://chelmsfordhindusociety.org/
London,HWA Radha Krishna Community Centre,Romford,hinduwelfare@gmail.com,medium,https://www.facebook.com/HwaRadhakrishnaTemple/
East of England,Colchester Hindu Society,Colchester,info@colchesterhindusociety.org,high,https://colchesterhindusociety.org/
South West,Exeter Hindu Cultural Centre,Exeter,exeterhcc@gmail.com,high,https://www.devon.gov.uk/migration-and-resettlement/ethnically-diverse-communities-directory-of-services-for-devon-plymouth-and-torbay/section-1-voluntary-and-community-sector-organisations/exeter-hindu-cultural-centres-trust/
South West,Indian Community Association of Dorset (ICAD),Bournemouth,trustee@icad.org.uk,medium,https://www.icad.org.uk/home/meta-description
North West,Shree Swaminarayan Mandir Oldham,Oldham,info@oldhammandir.faith,medium,https://www.oldhammandir.faith/about/contact-us
